24,24,24,23,23,23,22,22,22,22,22,22,21,19,18,17,16,15,15,14,13,13,12,12,12,11,11,11,10,10,9,9,8,8,8,7,7,6,6,6,6,6,6,6,6,6,6,6,6,6,6,6,6,6,7,7,8,8,8,9,9,10,10,11,11,11,12,12,12,13,13,14,15,15,16,17,18,19,21,22,22,22,22,22,22,23,23,23,24,24,24
24,24,23,23,23,23,22,23,23,23,23,23,22,20,19,18,17,17,16,15,15,14,14,14,14,15,15,16,16,13,13,13,19,19,17,16,16,14,14,13,11,10,9,9,9,9,9,9,9,10,11,13,14,14,16,16,17,19,19,13,13,13,16,16,15,15,14,14,14,14,15,15,16,17,17,18,19,20,22,23,23,23,23,23,22,23,23,23,23,24,24
24,23,23,23,23,23,23,23,24,24,25,25,23,22,20,20,19,19,18,18,18,18,19,20,22,27,31,35,35,23,23,28,71,75,55,50,46,36,31,26,22,19,18,17,17,17,17,17,18,19,22,26,31,36,46,50,55,75,71,28,23,23,35,35,31,27,22,20,19,18,18,18,18,19,19,20,20,22,23,25,25,24,24,23,23,23,23,23,23,23,24
24,23,23,23,23,23,23,24,25,25,26,26,25,24,23,23,22,22,22,22,22,23,26,30,36,47,57,68,65,38,40,50,153,176,115,100,92,74,68,57,45,38,34,30,29,28,29,30,34,38,45,57,68,74,92,100,115,176,153,50,40,38,65,68,57,47,36,30,26,23,22,22,22,22,22,23,23,24,25,26,26,25,25,24,23,23,23,23,23,23,24
24,23,23,23,23,23,24,25,25,26,28,28,28,27,27,27,27,28,28,28,29,30,35,42,54,73,94,112,106,59,60,75,252,323,209,182,164,125,101,85,68,57,52,47,45,45,45,47,52,57,68,85,101,125,164,182,209,323,252,75,60,59,106,112,94,73,54,42,35,30,29,28,28,28,27,27,27,27,28,28,28,26,25,25,24,23,23,23,23,23,24
24,23,23,23,23,24,24,25,26,28,30,31,32,32,32,33,33,34,35,35,36,38,44,56,75,104,134,158,147,80,85,102,337,499,318,265,233,175,138,119,98,83,77,72,70,70,70,72,77,83,98,119,138,175,233,265,318,499,337,102,85,80,147,158,134,104,75,56,44,38,36,35,35,34,33,33,32,32,32,31,30,28,26,25,24,24,23,23,23,23,24
24,23,23,23,24,24,25,26,28,30,33,35,37,38,38,39,41,42,43,44,45,47,56,72,98,134,176,207,191,100,99,116,374,684,453,363,317,243,191,162,138,122,112,105,102,102,102,105,112,122,138,162,191,243,317,363,453,684,374,116,99,100,191,207,176,134,98,72,56,47,45,44,43,42,41,39,38,38,37,35,33,30,28,26,25,24,24,23,23,23,24
24,23,23,23,24,25,26,28,30,33,37,40,42,44,45,47,49,51,53,57,56,57,67,88,121,166,219,259,234,122,117,131,365,895,673,484,416,344,262,223,191,169,159,152,146,144,146,152,159,169,191,223,262,344,416,484,673,895,365,131,117,122,234,259,219,166,121,88,67,57,56,57,53,51,49,47,45,44,42,40,37,33,30,28,26,25,24,23,23,23,24
24,23,23,23,24,25,27,29,32,36,41,45,48,51,54,57,62,65,65,65,65,68,79,105,144,198,264,312,279,149,138,151,326,1086,987,644,543,483,355,302,263,229,212,203,198,197,198,203,212,229,263,302,355,483,543,644,987,1086,326,151,138,149,279,312,264,198,144,105,79,68,65,65,65,65,62,57,54,51,48,45,41,36,32,29,27,25,24,23,23,23,24
24,23,23,23,24,26,28,31,35,40,45,50,55,60,65,74,81,77,76,76,76,78,91,123,168,232,308,364,319,171,155,168,283,1208,1311,859,710,635,468,403,350,303,281,270,263,260,263,270,281,303,350,403,468,635,710,859,1311,1208,283,168,155,171,319,364,308,232,168,123,91,78,76,76,76,77,81,74,65,60,55,50,45,40,35,31,28,26,24,23,23,23,24
24,23,23,24,25,27,30,33,38,44,50,56,63,71,86,96,90,87,86,86,86,89,103,140,191,266,349,410,352,191,170,185,259,1206,1632,1187,891,807,638,523,461,398,363,346,337,334,337,346,363,398,461,523,638,807,891,1187,1632,1206,259,185,170,191,352,410,349,266,191,140,103,89,86,86,86,87,90,96,86,71,63,56,50,44,38,33,30,27,25,24,23,23,24
24,23,23,24,26,28,32,36,41,48,56,63,72,92,112,98,97,94,95,96,96,99,115,156,214,299,389,452,381,212,186,202,246,1060,1964,1680,1129,1001,823,664,585,511,464,444,431,429,431,444,464,511,585,664,823,1001,1129,1680,1964,1060,246,202,186,212,381,452,389,299,214,156,115,99,96,96,95,94,97,98,112,92,72,63,56,48,41,36,32,28,26,24,23,23,24
24,23,23,24,26,29,33,38,45,52,61,71,88,113,104,105,102,103,104,105,105,109,126,170,236,330,429,489,408,233,202,216,245,816,2247,2164,1473,1225,1053,850,731,638,578,551,538,536,538,551,578,638,731,850,1053,1225,1473,2164,2247,816,245,216,202,233,408,489,429,330,236,170,126,109,105,105,104,103,102,105,104,113,88,71,61,52,45,38,33,29,26,24,23,23,24
24,23,23,24,27,31,35,42,49,57,67,80,107,107,111,109,111,111,113,114,114,120,136,183,257,358,469,521,432,252,218,231,251,580,2373,2595,2059,1514,1310,1043,920,780,698,662,645,640,645,662,698,780,920,1043,1310,1514,2059,2595,2373,580,251,231,218,252,432,521,469,358,257,183,136,120,114,114,113,111,111,109,111,107,107,80,67,57,49,42,35,31,27,24,23,23,24
24,23,23,25,28,32,38,45,53,63,73,103,113,114,114,118,119,120,122,123,124,131,146,195,276,383,505,551,453,273,235,245,260,448,2190,3041,2738,1913,1625,1300,1161,967,842,788,767,754,767,788,842,967,1161,1300,1625,1913,2738,3041,2190,448,260,245,235,273,453,551,505,383,276,195,146,131,124,123,122,120,119,118,114,114,113,103,73,63,53,45,38,32,28,25,23,23,24
24,23,23,25,29,34,40,48,57,68,82,105,110,115,122,125,128,130,132,133,135,140,158,205,295,405,535,580,474,292,251,259,272,392,1780,3451,3284,2554,1988,1604,1426,1229,1031,954,923,903,923,954,1031,1229,1426,1604,1988,2554,3284,3451,1780,392,272,259,251,292,474,580,535,405,295,205,158,140,135,133,132,130,128,125,122,115,110,105,82,68,57,48,40,34,29,25,23,23,24
24,23,23,26,30,35,43,52,62,73,93,105,113,121,128,133,137,139,141,142,146,149,169,214,314,423,559,605,494,311,267,273,286,363,1324,3633,3726,3425,2434,1951,1709,1523,1282,1161,1109,1084,1109,1161,1282,1523,1709,1951,2434,3425,3726,3633,1324,363,286,273,267,311,494,605,559,423,314,214,169,149,146,142,141,139,137,133,128,121,113,105,93,73,62,52,43,35,30,26,23,23,24
24,23,24,26,31,37,46,56,66,79,96,108,117,127,135,141,145,149,151,152,155,159,181,224,332,439,579,624,517,333,284,287,300,343,976,3464,4247,4132,3213,2352,1965,1826,1586,1372,1297,1264,1297,1372,1586,1826,1965,2352,3213,4132,4247,3464,976,343,300,287,284,333,517,624,579,439,332,224,181,159,155,152,151,149,145,141,135,127,117,108,96,79,66,56,46,37,31,26,24,23,24
24,23,24,27,32,39,48,59,70,85,99,110,123,133,142,149,154,158,160,164,163,169,193,234,348,457,593,643,536,357,306,302,314,339,743,2955,4699,4610,4267,2902,2285,2098,1908,1646,1491,1441,1491,1646,1908,2098,2285,2902,4267,4610,4699,2955,743,339,314,302,306,357,536,643,593,457,348,234,193,169,163,164,160,158,154,149,142,133,123,110,99,85,70,59,48,39,32,27,24,23,24
24,23,24,28,33,41,51,63,75,90,103,115,128,139,149,158,163,166,169,173,173,180,206,246,360,473,603,657,552,379,329,321,329,347,620,2378,4872,5158,5110,3796,2677,2382,2254,1986,1737,1648,1737,1986,2254,2382,2677,3796,5110,5158,4872,2378,620,347,329,321,329,379,552,657,603,473,360,246,206,180,173,173,169,166,163,158,149,139,128,115,103,90,75,63,51,41,33,28,24,23,24
23,23,24,28,34,43,55,66,80,94,107,120,134,146,157,166,171,175,178,180,183,192,219,257,368,489,615,672,565,402,347,337,343,360,576,1950,4718,5685,5718,4982,3265,2731,2557,2358,2048,1879,2048,2358,2557,2731,3265,4982,5718,5685,4718,1950,576,360,343,337,347,402,565,672,615,489,368,257,219,192,183,180,178,175,171,166,157,146,134,120,107,94,80,66,55,43,34,28,24,23,23
23,23,24,29,36,45,58,70,84,99,112,126,140,153,165,174,180,183,188,188,192,203,231,268,370,506,627,687,573,423,364,355,359,373,560,1610,4288,5991,6199,6023,4203,3160,2885,2723,2437,2174,2437,2723,2885,3160,4203,6023,6199,5991,4288,1610,560,373,359,355,364,423,573,687,627,506,370,268,231,203,192,188,188,183,180,174,165,153,140,126,112,99,84,70,58,45,36,29,24,23,23
23,23,24,29,37,47,61,73,89,103,117,132,146,160,172,182,188,191,196,196,202,214,244,280,370,519,643,705,583,445,382,372,376,387,551,1330,3765,6157,6714,6836,5524,3720,3251,3056,2811,2524,2811,3056,3251,3720,5524,6836,6714,6157,3765,1330,551,387,376,372,382,445,583,705,643,519,370,280,244,214,202,196,196,191,188,182,172,160,146,132,117,103,89,73,61,47,37,29,24,23,23
23,23,25,30,38,50,63,77,93,108,123,138,153,167,179,189,195,200,203,205,211,225,257,293,372,528,655,718,595,464,402,389,392,403,548,1115,3319,6109,7134,7299,6687,4647,3679,3408,3163,2900,3163,3408,3679,4647,6687,7299,7134,6109,3319,1115,548,403,392,389,402,464,595,718,655,528,372,293,257,225,211,205,203,200,195,189,179,167,153,138,123,108,93,77,63,50,38,30,25,23,23
23,23,25,31,39,52,66,80,97,112,128,144,160,174,187,196,203,209,211,214,222,236,269,305,376,533,668,724,610,483,424,407,410,420,547,984,2976,5837,7419,7809,7570,5981,4195,3782,3519,3285,3519,3782,4195,5981,7570,7809,7419,5837,2976,984,547,420,410,407,424,483,610,724,668,533,376,305,269,236,222,214,211,209,203,196,187,174,160,144,128,112,97,80,66,52,39,31,25,23,23
23,23,25,31,41,55,68,84,100,117,134,150,166,181,194,204,210,217,219,223,233,248,282,318,383,533,684,730,629,504,449,428,429,438,552,931,2663,5498,7614,8275,8111,7152,5062,4187,3887,3632,3887,4187,5062,7152,8111,8275,7614,5498,2663,931,552,438,429,428,449,504,629,730,684,533,383,318,282,248,233,223,219,217,210,204,194,181,166,150,134,117,100,84,68,55,41,31,25,23,23
23,23,26,32,42,59,71,87,104,121,139,155,172,187,200,211,217,224,227,232,245,261,295,331,393,532,700,739,644,526,474,450,447,455,560,915,2392,5196,7692,8667,8613,8131,6327,4665,4263,4014,4263,4665,6327,8131,8613,8667,7692,5196,2392,915,560,455,447,450,474,526,644,739,700,532,393,331,295,261,245,232,227,224,217,211,200,187,172,155,139,121,104,87,71,59,42,32,26,23,23
23,23,26,33,43,60,73,90,108,126,144,161,178,194,207,217,225,231,235,242,256,273,308,345,404,527,705,744,656,548,498,471,466,473,564,910,2139,4937,7631,8955,9062,8748,7479,5419,4654,4428,4654,5419,7479,8748,9062,8955,7631,4937,2139,910,564,473,466,471,498,548,656,744,705,527,404,345,308,273,256,242,235,231,225,217,207,194,178,161,144,126,108,90,73,60,43,33,26,23,23
23,23,26,33,45,62,76,93,111,130,149,167,184,199,213,223,232,238,243,252,267,285,322,359,415,527,709,750,665,568,519,495,485,487,573,913,1927,4658,7479,9136,9454,9160,8466,6578,5113,4886,5113,6578,8466,9160,9454,9136,7479,4658,1927,913,573,487,485,495,519,568,665,750,709,527,415,359,322,285,267,252,243,238,232,223,213,199,184,167,149,130,111,93,76,62,45,33,26,23,23
23,23,26,34,46,63,78,96,115,134,154,172,189,205,218,229,239,245,252,262,277,296,335,373,426,538,712,757,677,586,537,512,500,501,581,917,1767,4385,7327,9258,9834,9598,9150,7732,5733,5503,5733,7732,9150,9598,9834,9258,7327,4385,1767,917,581,501,500,512,537,586,677,757,712,538,426,373,335,296,277,262,252,245,239,229,218,205,189,172,154,134,115,96,78,63,46,34,26,23,23
23,23,26,35,47,64,80,99,118,138,158,177,195,210,224,234,245,252,263,270,285,307,347,386,437,550,712,766,691,600,555,528,514,515,593,927,1666,4154,7209,9344,10174,9961,9560,8710,6788,6146,6788,8710,9560,9961,10174,9344,7209,4154,1666,927,593,515,514,528,555,600,691,766,712,550,437,386,347,307,285,270,263,252,245,234,224,210,195,177,158,138,118,99,80,64,47,35,26,23,23
23,23,27,35,48,66,82,102,121,142,163,182,200,215,229,240,250,259,268,277,295,318,360,400,449,558,708,773,704,616,569,542,527,529,608,943,1624,3938,7088,9397,10491,10314,9940,9494,8069,6909,8069,9494,9940,10314,10491,9397,7088,3938,1624,943,608,529,527,542,569,616,704,773,708,558,449,400,360,318,295,277,268,259,250,240,229,215,200,182,163,142,121,102,82,66,48,35,27,23,23
23,23,27,36,50,67,84,104,124,146,167,187,204,220,234,245,256,268,274,285,304,327,372,413,463,562,702,781,713,631,582,555,539,540,624,965,1613,3749,6971,9488,10708,10622,10331,10082,9251,7944,9251,10082,10331,10622,10708,9488,6971,3749,1613,965,624,540,539,555,582,631,713,781,702,562,463,413,372,327,304,285,274,268,256,245,234,220,204,187,167,146,124,104,84,67,50,36,27,23,23
23,23,27,36,51,68,86,107,127,149,171,191,209,225,239,251,261,274,279,292,312,337,383,426,481,565,694,787,723,645,595,567,550,554,643,989,1620,3592,6837,9541,10866,10917,10632,10497,10260,9374,10260,10497,10632,10917,10866,9541,6837,3592,1620,989,643,554,550,567,595,645,723,787,694,565,481,426,383,337,312,292,279,274,261,251,239,225,209,191,171,149,127,107,86,68,51,36,27,23,23
23,23,27,37,52,69,88,109,131,153,175,195,213,229,243,255,268,277,285,298,320,346,394,438,504,571,688,793,731,656,607,579,563,571,666,1023,1639,3443,6683,9556,10957,11178,10902,10949,11115,10944,11115,10949,10902,11178,10957,9556,6683,3443,1639,1023,666,571,563,579,607,656,731,793,688,571,504,438,394,346,320,298,285,277,268,255,243,229,213,195,175,153,131,109,88,69,52,37,27,23,23
22,23,28,38,53,71,90,111,134,156,178,198,216,233,247,260,274,280,289,305,327,354,403,450,525,577,684,794,738,668,619,590,576,587,693,1062,1664,3302,6535,9568,11052,11435,11154,11425,11938,12492,11938,11425,11154,11435,11052,9568,6535,3302,1664,1062,693,587,576,590,619,668,738,794,684,577,525,450,403,354,327,305,289,280,274,260,247,233,216,198,178,156,134,111,90,71,53,38,28,23,22
22,23,28,38,54,72,92,113,136,159,181,201,219,237,250,264,278,283,293,310,333,362,414,462,540,585,682,794,746,675,631,601,588,607,731,1103,1684,3191,6424,9607,11257,11779,11511,11960,12813,13980,12813,11960,11511,11779,11257,9607,6424,3191,1684,1103,731,607,588,601,631,675,746,794,682,585,540,462,414,362,333,310,293,283,278,264,250,237,219,201,181,159,136,113,92,72,54,38,28,23,22
22,23,28,39,55,73,93,115,139,162,184,203,222,239,253,267,279,287,297,315,339,369,422,472,550,593,685,793,750,682,641,612,604,637,771,1136,1698,3113,6359,9709,11555,12210,12044,12628,13841,15372,13841,12628,12044,12210,11555,9709,6359,3113,1698,1136,771,637,604,612,641,682,750,793,685,593,550,472,422,369,339,315,297,287,279,267,253,239,222,203,184,162,139,115,93,73,55,39,28,23,22
22,23,28,39,56,74,95,117,142,164,186,205,224,241,255,270,281,289,301,320,345,376,429,483,558,602,689,791,752,689,650,624,620,667,795,1152,1720,3083,6366,9925,12063,12884,12903,13639,15293,16971,15293,13639,12903,12884,12063,9925,6366,3083,1720,1152,795,667,620,624,650,689,752,791,689,602,558,483,429,376,345,320,301,289,281,270,255,241,224,205,186,164,142,117,95,74,56,39,28,23,22
22,23,28,39,57,75,96,118,144,166,188,207,226,243,258,273,282,291,305,323,350,381,436,492,564,609,694,789,755,697,658,634,639,687,807,1162,1747,3103,6477,10294,12735,13767,14111,15042,17241,18896,17241,15042,14111,13767,12735,10294,6477,3103,1747,1162,807,687,639,634,658,697,755,789,694,609,564,492,436,381,350,323,305,291,282,273,258,243,226,207,188,166,144,118,96,75,57,39,28,23,22
22,23,28,40,58,76,97,119,146,167,189,208,228,245,259,275,283,293,307,326,355,387,442,501,569,615,699,786,758,704,667,646,657,698,818,1177,1788,3160,6627,10674,13492,14833,15669,17037,19800,21514,19800,17037,15669,14833,13492,10674,6627,3160,1788,1177,818,698,657,646,667,704,758,786,699,615,569,501,442,387,355,326,307,293,283,275,259,245,228,208,189,167,146,119,97,76,58,40,28,23,22
22,23,29,40,58,77,98,120,147,168,190,210,229,246,261,277,284,294,309,329,358,391,447,508,573,620,703,784,760,710,675,656,670,705,832,1198,1841,3231,6790,11081,14316,16125,17715,19911,23593,25571,23593,19911,17715,16125,14316,11081,6790,3231,1841,1198,832,705,670,656,675,710,760,784,703,620,573,508,447,391,358,329,309,294,284,277,261,246,229,210,190,168,147,120,98,77,58,40,29,23,22
22,23,29,40,59,77,98,121,148,169,191,210,230,248,262,277,285,296,310,331,360,394,451,514,577,624,708,781,763,716,682,663,676,707,845,1219,1895,3300,6951,11469,15174,17601,20210,23922,29843,33505,29843,23922,20210,17601,15174,11469,6951,3300,1895,1219,845,707,676,663,682,716,763,781,708,624,577,514,451,394,360,331,310,296,285,277,262,248,230,210,191,169,148,121,98,77,59,40,29,23,22
22,23,29,41,59,78,99,122,149,170,191,211,231,248,262,278,286,296,311,332,361,395,453,519,580,628,710,781,768,720,687,672,682,710,854,1240,1937,3358,7088,11812,15942,19071,23069,29809,41423,49457,41423,29809,23069,19071,15942,11812,7088,3358,1937,1240,854,710,682,672,687,720,768,781,710,628,580,519,453,395,361,332,311,296,286,278,262,248,231,211,191,170,149,122,99,78,59,41,29,23,22
22,23,29,41,59,78,99,123,149,170,192,212,231,249,263,278,286,296,311,332,362,396,455,521,582,629,713,780,771,723,690,679,687,714,863,1262,1965,3391,7161,12028,16484,20226,25729,36606,55207,68281,55207,36606,25729,20226,16484,12028,7161,3391,1965,1262,863,714,687,679,690,723,771,780,713,629,582,521,455,396,362,332,311,296,286,278,263,249,231,212,192,170,149,123,99,78,59,41,29,23,22
22,23,29,41,60,78,100,123,149,171,192,212,231,248,263,278,286,296,311,332,362,396,455,521,581,630,713,782,771,723,692,684,692,720,871,1272,1976,3397,7186,12091,16666,20731,26921,40434,62866,77890,62866,40434,26921,20731,16666,12091,7186,3397,1976,1272,871,720,692,684,692,723,771,782,713,630,581,521,455,396,362,332,311,296,286,278,263,248,231,212,192,171,149,123,100,78,60,41,29,23,22
22,23,29,41,60,79,100,123,149,171,192,211,231,249,263,277,285,296,311,331,361,394,454,520,581,630,713,781,771,722,692,686,696,723,873,1273,1970,3373,7129,11946,16380,20147,25694,37751,58722,73416,58722,37751,25694,20147,16380,11946,7129,3373,1970,1273,873,723,696,686,692,722,771,781,713,630,581,520,454,394,361,331,311,296,285,277,263,249,231,211,192,171,149,123,100,79,60,41,29,23,22
22,23,29,41,60,79,100,123,149,170,191,211,231,248,262,277,285,296,310,330,359,393,453,517,580,627,710,781,768,720,693,685,698,725,870,1259,1950,3320,6995,11621,15654,18727,22731,30474,44337,54944,44337,30474,22731,18727,15654,11621,6995,3320,1950,1259,870,725,698,685,693,720,768,781,710,627,580,517,453,393,359,330,310,296,285,277,262,248,231,211,191,170,149,123,100,79,60,41,29,23,22
22,23,29,41,60,79,100,123,149,170,191,211,230,247,261,277,284,294,308,328,357,391,450,513,578,624,708,780,765,717,690,678,696,723,863,1242,1913,3243,6807,11172,14679,16875,19347,23345,30469,34950,30469,23345,19347,16875,14679,11172,6807,3243,1913,1242,863,723,696,678,690,717,765,780,708,624,578,513,450,391,357,328,308,294,284,277,261,247,230,211,191,170,149,123,100,79,60,41,29,23,22
22,23,30,41,59,78,99,122,148,169,190,210,229,246,260,275,283,293,307,326,355,387,446,507,575,619,704,780,760,711,685,667,689,721,855,1228,1865,3161,6597,10676,13648,15123,16445,18515,22474,24765,22474,18515,16445,15123,13648,10676,6597,3161,1865,1228,855,721,689,667,685,711,760,780,704,619,575,507,446,387,355,326,307,293,283,275,260,246,229,210,190,169,148,122,99,78,59,41,30,23,22
22,23,30,41,59,78,99,121,147,169,189,208,228,245,259,274,282,291,305,323,350,383,441,498,571,614,700,781,755,705,679,658,679,721,846,1213,1813,3099,6410,10191,12724,13716,14308,15501,18332,20050,18332,15501,14308,13716,12724,10191,6410,3099,1813,1213,846,721,679,658,679,705,755,781,700,614,571,498,441,383,350,323,305,291,282,274,259,245,228,208,189,169,147,121,99,78,59,41,30,23,22
22,24,30,41,59,77,98,120,146,168,188,207,226,243,257,272,280,289,302,320,346,377,435,491,567,608,694,784,751,699,670,649,663,716,841,1199,1773,3052,6289,9847,12051,12779,12964,13765,16023,17656,16023,13765,12964,12779,12051,9847,6289,3052,1773,1199,841,716,663,649,670,699,751,784,694,608,567,491,435,377,346,320,302,289,280,272,257,243,226,207,188,168,146,120,98,77,59,41,30,24,22
22,24,30,41,58,77,97,119,144,165,187,205,224,241,255,270,279,287,299,316,341,371,427,480,561,603,689,786,747,692,660,640,646,704,834,1186,1745,3044,6254,9672,11643,12250,12215,12831,14623,16291,14623,12831,12215,12250,11643,9672,6254,3044,1745,1186,834,704,646,640,660,692,747,786,689,603,561,480,427,371,341,316,299,287,279,270,255,241,224,205,187,165,144,119,97,77,58,41,30,24,22
23,24,30,41,58,76,96,117,141,163,184,204,222,239,253,266,277,284,295,312,335,365,420,471,555,596,685,789,742,683,648,627,629,680,819,1177,1724,3094,6277,9601,11413,11966,11796,12308,13689,15284,13689,12308,11796,11966,11413,9601,6277,3094,1724,1177,819,680,629,627,648,683,742,789,685,596,555,471,420,365,335,312,295,284,277,266,253,239,222,204,184,163,141,117,96,76,58,41,30,24,23
23,24,30,41,57,75,95,116,139,161,182,202,219,237,250,263,276,282,291,307,329,358,411,460,542,588,685,788,736,674,636,612,612,650,788,1156,1715,3203,6381,9581,11241,11743,11502,11929,12923,14213,12923,11929,11502,11743,11241,9581,6381,3203,1715,1156,788,650,612,612,636,674,736,788,685,588,542,460,411,358,329,307,291,282,276,263,250,237,219,202,182,161,139,116,95,75,57,41,30,24,23
23,24,30,41,57,74,94,114,136,158,179,199,216,234,247,260,274,279,287,302,322,350,401,448,525,579,686,786,727,665,625,598,596,623,754,1124,1701,3345,6523,9589,11085,11469,11231,11551,12192,12981,12192,11551,11231,11469,11085,9589,6523,3345,1701,1124,754,623,596,598,625,665,727,786,686,579,525,448,401,350,322,302,287,279,274,260,247,234,216,199,179,158,136,114,94,74,57,41,30,24,23
23,24,30,40,56,73,92,112,134,155,176,195,213,230,243,256,268,275,282,296,316,341,390,436,505,573,689,785,718,654,614,585,580,601,717,1084,1684,3482,6677,9596,10976,11211,10973,11095,11401,11475,11401,11095,10973,11211,10976,9596,6677,3482,1684,1084,717,601,580,585,614,654,718,785,689,573,505,436,390,341,316,296,282,275,268,256,243,230,213,195,176,155,134,112,92,73,56,40,30,24,23
23,24,30,40,55,72,91,110,131,152,172,191,210,226,239,251,262,272,277,290,308,333,378,423,482,567,693,780,710,639,598,571,563,580,688,1045,1661,3612,6825,9574,10893,10946,10726,10644,10538,9893,10538,10644,10726,10946,10893,9574,6825,3612,1661,1045,688,580,563,571,598,639,710,780,693,567,482,423,378,333,308,290,277,272,262,251,239,226,210,191,172,152,131,110,91,72,55,40,30,24,23
23,24,30,40,54,71,89,108,128,148,168,187,205,221,235,246,256,267,272,283,300,324,366,410,463,563,700,773,700,624,581,555,544,558,659,1011,1637,3758,6960,9510,10746,10652,10432,10210,9574,8382,9574,10210,10432,10652,10746,9510,6960,3758,1637,1011,659,558,544,555,581,624,700,773,700,563,463,410,366,324,300,283,272,267,256,246,235,221,205,187,168,148,128,108,89,71,54,40,30,24,23
23,25,30,39,53,70,87,106,125,145,165,184,200,217,229,241,251,258,266,276,291,313,354,396,448,559,707,766,690,607,564,540,527,539,633,980,1634,3927,7076,9422,10522,10329,10073,9680,8452,7217,8452,9680,10073,10329,10522,9422,7076,3927,1634,980,633,539,527,540,564,607,690,766,707,559,448,396,354,313,291,276,266,258,251,241,229,217,200,184,165,145,125,106,87,70,53,39,30,25,23
23,25,30,39,52,68,85,103,122,141,160,179,196,212,224,235,245,251,260,267,282,303,342,384,435,552,708,760,677,587,546,523,510,518,609,955,1662,4138,7194,9314,10195,9990,9645,8940,7199,6394,7199,8940,9645,9990,10195,9314,7194,4138,1662,955,609,518,510,523,546,587,677,760,708,552,435,384,342,303,282,267,260,251,245,235,224,212,196,179,160,141,122,103,85,68,52,39,30,25,23
23,25,30,38,51,67,83,101,119,138,156,175,191,206,219,229,239,244,250,260,273,291,329,370,423,537,709,753,662,571,526,505,494,501,591,934,1741,4371,7325,9220,9830,9611,9210,7983,5999,5716,5999,7983,9210,9611,9830,9220,7325,4371,1741,934,591,501,494,505,526,571,662,753,709,537,423,370,329,291,273,260,250,244,239,229,219,206,191,175,156,138,119,101,83,67,51,38,30,25,23
24,25,30,38,50,66,81,98,116,134,152,170,186,201,213,223,232,237,241,250,263,280,315,355,412,528,708,744,650,554,507,486,478,484,578,921,1885,4626,7459,9058,9418,9184,8576,6873,5245,5086,5245,6873,8576,9184,9418,9058,7459,4626,1885,921,578,484,478,486,507,554,650,744,708,528,412,355,315,280,263,250,241,237,232,223,213,201,186,170,152,134,116,98,81,66,50,38,30,25,24
24,25,29,37,49,65,79,96,112,130,147,165,180,195,207,217,225,229,233,240,252,269,302,340,401,526,706,736,639,535,486,464,461,468,568,917,2106,4899,7572,8858,8992,8740,7669,5669,4749,4515,4749,5669,7669,8740,8992,8858,7572,4899,2106,917,568,468,461,464,486,535,639,736,706,526,401,340,302,269,252,240,233,229,225,217,207,195,180,165,147,130,112,96,79,65,49,37,29,25,24
24,25,29,37,48,63,76,93,109,126,142,159,174,188,201,211,217,222,225,231,241,256,289,327,391,531,698,730,627,511,465,441,441,452,561,919,2372,5173,7620,8550,8552,8192,6528,4791,4329,4070,4329,4791,6528,8192,8552,8550,7620,5173,2372,919,561,452,441,441,465,511,627,730,698,531,391,327,289,256,241,231,225,222,217,211,201,188,174,159,142,126,109,93,76,63,48,37,29,25,24
24,25,29,36,46,61,74,90,106,121,137,153,168,182,194,204,210,216,218,222,230,244,277,314,382,533,678,718,611,490,441,421,423,433,555,934,2668,5465,7533,8175,8042,7313,5271,4268,3915,3682,3915,4268,5271,7313,8042,8175,7533,5465,2668,934,555,433,423,421,441,490,611,718,678,533,382,314,277,244,230,222,218,216,210,204,194,182,168,153,137,121,106,90,74,61,46,36,29,25,24
24,25,29,35,45,59,71,87,102,117,132,147,162,175,187,197,203,208,210,212,220,232,264,301,375,532,665,708,592,470,419,400,404,417,551,978,2975,5783,7338,7727,7551,6174,4281,3807,3534,3319,3534,3807,4281,6174,7551,7727,7338,5783,2975,978,551,417,404,400,419,470,592,708,665,532,375,301,264,232,220,212,210,208,203,197,187,175,162,147,132,117,102,87,71,59,45,35,29,25,24
24,25,29,35,44,57,69,83,98,113,127,142,155,169,180,189,196,199,203,203,210,221,252,289,374,529,653,704,577,454,397,383,388,400,549,1080,3301,6055,7070,7221,6781,4875,3711,3414,3187,2935,3187,3414,3711,4875,6781,7221,7070,6055,3301,1080,549,400,388,383,397,454,577,704,653,529,374,289,252,221,210,203,203,199,196,189,180,169,155,142,127,113,98,83,69,57,44,35,29,25,24
24,25,28,34,43,54,66,80,95,108,122,136,149,162,173,182,188,191,196,195,200,211,241,279,376,521,644,692,565,433,378,367,371,384,549,1271,3706,6132,6687,6775,5687,3816,3274,3059,2842,2567,2842,3059,3274,3816,5687,6775,6687,6132,3706,1271,549,384,371,367,378,433,565,692,644,521,376,279,241,211,200,195,196,191,188,182,173,162,149,136,122,108,95,80,66,54,43,34,28,25,24
24,25,28,34,42,52,64,76,91,104,117,130,143,155,165,174,180,183,187,187,191,201,229,269,378,509,631,674,555,413,359,349,355,369,560,1560,4198,5963,6188,6092,4410,3202,2909,2736,2462,2215,2462,2736,2909,3202,4410,6092,6188,5963,4198,1560,560,369,355,349,359,413,555,674,631,509,378,269,229,201,191,187,187,183,180,174,165,155,143,130,117,104,91,76,64,52,42,34,28,25,24
24,25,28,33,40,50,61,72,86,100,112,125,137,148,158,166,171,175,177,180,182,190,217,258,375,496,617,654,546,391,340,331,339,358,581,1919,4627,5662,5688,5090,3340,2775,2593,2391,2113,1919,2113,2391,2593,2775,3340,5090,5688,5662,4627,1919,581,358,339,331,340,391,546,654,617,496,375,258,217,190,182,180,177,175,171,166,158,148,137,125,112,100,86,72,61,50,40,33,28,25,24
25,25,28,32,39,48,58,69,82,97,107,120,131,141,151,158,163,166,169,173,173,179,204,248,368,481,604,637,534,369,323,315,323,348,621,2326,4818,5191,5156,3913,2728,2397,2278,2020,1780,1673,1780,2020,2278,2397,2728,3913,5156,5191,4818,2326,621,348,323,315,323,369,534,637,604,481,368,248,204,179,173,173,169,166,163,158,151,141,131,120,107,97,82,69,58,48,39,32,28,25,25
25,26,28,32,38,46,55,66,77,93,104,115,126,136,144,150,155,159,161,164,163,168,192,238,355,463,589,621,518,346,303,299,309,344,726,2847,4693,4634,4353,2931,2307,2116,1921,1700,1519,1471,1519,1700,1921,2116,2307,2931,4353,4634,4693,2847,726,344,309,299,303,346,518,621,589,463,355,238,192,168,163,164,161,159,155,150,144,136,126,115,104,93,77,66,55,46,38,32,28,26,25
25,26,28,31,37,44,52,62,72,87,104,110,121,129,137,142,146,150,151,151,154,158,180,229,339,443,572,606,500,322,283,283,296,357,943,3362,4288,4180,3308,2379,1969,1806,1627,1422,1310,1282,1310,1422,1627,1806,1969,2379,3308,4180,4288,3362,943,357,296,283,283,322,500,606,572,443,339,229,180,158,154,151,151,150,146,142,137,129,121,110,104,87,72,62,52,44,37,31,28,26,25
25,26,27,31,36,42,50,59,68,80,101,111,117,124,130,133,138,141,141,141,145,148,169,220,321,424,556,588,479,298,264,271,284,375,1301,3586,3759,3517,2479,1980,1706,1530,1335,1194,1131,1107,1131,1194,1335,1530,1706,1980,2479,3517,3759,3586,1301,375,284,271,264,298,479,588,556,424,321,220,169,148,145,141,141,141,138,133,130,124,117,111,101,80,68,59,50,42,36,31,27,26,25
25,26,27,30,34,40,47,55,64,74,90,114,111,119,123,126,129,131,132,132,134,139,158,211,302,406,534,566,458,277,248,258,272,398,1765,3462,3304,2638,2007,1634,1422,1258,1085,989,948,929,948,989,1085,1258,1422,1634,2007,2638,3304,3462,1765,398,272,258,248,277,458,566,534,406,302,211,158,139,134,132,132,131,129,126,123,119,111,114,90,74,64,55,47,40,34,30,27,26,25
25,26,27,30,33,38,44,51,60,69,79,107,116,113,117,119,120,121,123,122,124,130,147,201,282,387,507,537,439,258,232,243,260,452,2169,3062,2796,1933,1640,1307,1165,987,872,803,781,770,781,803,872,987,1165,1307,1640,1933,2796,3062,2169,452,260,243,232,258,439,537,507,387,282,201,147,130,124,122,123,121,120,119,117,113,116,107,79,69,60,51,44,38,33,30,27,26,25
25,26,27,29,32,36,42,48,56,64,72,86,111,112,111,112,112,113,114,114,114,120,136,188,261,362,474,508,418,238,215,230,250,581,2366,2622,2117,1525,1309,1039,913,787,713,668,653,648,653,668,713,787,913,1039,1309,1525,2117,2622,2366,581,250,230,215,238,418,508,474,362,261,188,136,120,114,114,114,113,112,112,111,112,111,86,72,64,56,48,42,36,32,29,27,26,25
25,26,26,29,31,35,39,45,51,60,66,76,91,113,108,106,104,103,105,105,105,108,128,174,240,335,437,476,396,219,200,216,249,816,2271,2195,1498,1210,1040,831,731,641,583,558,545,544,545,558,583,641,731,831,1040,1210,1498,2195,2271,816,249,216,200,219,396,476,437,335,240,174,128,108,105,105,105,103,104,106,108,113,91,76,66,60,51,45,39,35,31,29,26,26,25
25,26,26,28,30,33,37,42,47,54,61,68,77,91,107,101,97,94,95,95,96,98,116,160,220,306,397,440,369,199,185,201,262,1064,2008,1683,1138,960,821,648,585,519,475,458,443,445,443,458,475,519,585,648,821,960,1138,1683,2008,1064,262,201,185,199,369,440,397,306,220,160,116,98,96,95,95,94,97,101,107,91,77,68,61,54,47,42,37,33,30,28,26,26,25
25,26,26,28,30,32,35,39,44,49,55,62,68,74,83,97,92,86,85,86,86,88,104,142,198,275,357,402,340,181,168,187,274,1210,1670,1187,900,770,637,518,465,407,376,363,351,349,351,363,376,407,465,518,637,770,900,1187,1670,1210,274,187,168,181,340,402,357,275,198,142,104,88,86,86,85,86,92,97,83,74,68,62,55,49,44,39,35,32,30,28,26,26,25
25,26,26,27,29,31,33,36,40,45,50,56,60,64,67,74,81,79,75,75,75,77,91,125,173,240,313,358,308,161,152,171,300,1198,1345,858,709,620,474,402,354,310,289,279,272,269,272,279,289,310,354,402,474,620,709,858,1345,1198,300,171,152,161,308,358,313,240,173,125,91,77,75,75,75,79,81,74,67,64,60,56,50,45,40,36,33,31,29,27,26,26,25
26,26,26,27,28,30,32,34,37,41,45,50,53,55,56,59,62,64,66,66,65,67,79,107,149,205,269,311,273,142,136,155,347,1080,999,649,546,475,359,305,264,235,221,213,207,204,207,213,221,235,264,305,359,475,546,649,999,1080,347,155,136,142,273,311,269,205,149,107,79,67,65,66,66,64,62,59,56,55,53,50,45,41,37,34,32,30,28,27,26,26,26
26,26,26,27,28,29,30,32,34,37,41,44,46,47,48,50,51,52,53,55,56,57,67,88,123,170,223,259,232,123,122,140,392,903,680,492,423,345,257,225,194,172,164,158,155,153,155,158,164,172,194,225,257,345,423,492,680,903,392,140,122,123,232,259,223,170,123,88,67,57,56,55,53,52,51,50,48,47,46,44,41,37,34,32,30,29,28,27,26,26,26
26,26,26,27,27,28,29,30,32,34,37,39,40,40,40,41,42,43,44,44,45,47,55,72,100,139,179,207,188,99,102,125,399,700,461,369,321,246,187,165,141,126,119,113,110,108,110,113,119,126,141,165,187,246,321,369,461,700,399,125,102,99,188,207,179,139,100,72,55,47,45,44,44,43,42,41,40,40,40,39,37,34,32,30,29,28,27,27,26,26,26
26,26,26,26,26,27,28,29,30,31,33,35,35,34,34,34,35,35,36,36,36,37,44,56,76,107,136,159,147,80,86,108,354,509,322,270,232,173,135,119,100,88,82,77,73,72,73,77,82,88,100,119,135,173,232,270,322,509,354,108,86,80,147,159,136,107,76,56,44,37,36,36,36,35,35,34,34,34,35,35,33,31,30,29,28,27,26,26,26,26,26
26,26,26,26,26,26,27,27,28,29,30,31,31,29,29,29,29,29,28,29,29,29,34,42,55,75,96,113,106,59,62,83,272,335,216,189,165,125,99,85,70,60,54,50,48,48,48,50,54,60,70,85,99,125,165,189,216,335,272,83,62,59,106,113,96,75,55,42,34,29,29,29,28,29,29,29,29,29,31,31,30,29,28,27,27,26,26,26,26,26,26
26,26,26,26,26,26,26,26,26,27,28,29,27,26,24,24,24,23,23,23,23,22,24,29,36,48,61,71,68,40,43,58,176,191,126,112,100,81,71,60,47,40,36,33,31,31,31,33,36,40,47,60,71,81,100,112,126,191,176,58,43,40,68,71,61,48,36,29,24,22,23,23,23,23,24,24,24,26,27,29,28,27,26,26,26,26,26,26,26,26,26
26,26,26,26,26,25,25,25,26,26,26,26,25,23,21,21,20,19,19,18,18,17,17,19,22,27,33,38,37,24,25,33,88,88,64,59,52,41,34,29,26,22,20,19,19,19,19,19,20,22,26,29,34,41,52,59,64,88,88,33,25,24,37,38,33,27,22,19,17,17,18,18,19,19,20,21,21,23,25,26,26,26,26,25,25,25,26,26,26,26,26
26,26,26,26,25,25,25,25,26,25,25,25,23,21,20,19,18,17,16,16,15,14,13,13,13,14,15,17,17,14,14,15,27,26,22,22,22,19,17,14,12,11,10,10,9,10,9,10,10,11,12,14,17,19,22,22,22,26,27,15,14,14,17,17,15,14,13,13,13,14,15,16,16,17,18,19,20,21,23,25,25,25,26,25,25,25,25,26,26,26,26
26,26,26,25,25,25,24,25,25,25,24,24,22,20,19,18,17,16,15,14,14,13,11,11,10,10,10,10,10,9,9,8,8,7,7,7,6,6,6,6,5,5,5,5,5,5,5,5,5,5,5,6,6,6,6,7,7,7,8,8,9,9,10,10,10,10,10,11,11,13,14,14,15,16,17,18,19,20,22,24,24,25,25,25,24,25,25,25,26,26,26
